Emne,Praesentation,Subject,Presentation,Period
"Emne: Sundhed i Danmark med fokus på kost og motion","Hej. I dag vil jeg gerne tale om sundhed i Danmark. Jeg vil især fokusere på kost og motion, fordi det betyder meget for danskernes hverdag. Det er et emne, som mange mennesker diskuterer lige nu.

Først vil jeg tale om kost. Mange danskere går meget op i at spise sundt. De officielle kostråd i Danmark siger, at vi skal spise flere grøntsager, mere fisk og mindre kød. Alligevel er det ikke alle, der følger rådene. I en travl hverdag køber mange mennesker færdigretter, som ofte indeholder for meget sukker og fedt. Desuden er fastfood blevet meget populært blandt de unge, fordi det er hurtigt og nemt. Det er et stort problem for folkesundheden.

Dernæst vil vi se på motion. Generelt er danskerne et meget aktivt folkefærd. Rigtig mange cykler til arbejde eller skole, hvilket er en god form for hverdagsmotion. Derudover er det populært at gå i fitnesscenter eller gå ture i naturen sammen med familien. Men der er også en udfordring. Mange voksne har et stillesiddende arbejde, hvor de sidder foran en computer hele dagen. Det kan føre til rygproblemer og livsstilssygdomme.

Til sidst vil jeg sige, at Danmark gør meget for sundheden, men der er stadig plads til forbedring. Det er vigtigt, at staten gør det billigere at købe sunde madvarer, så alle har råd til at leve sundt. Hvis vi gør det, kan vi få et sundere samfund i fremtiden.

Tak fordi I lyttede.","Topic: Health in Denmark with a focus on diet and exercise","Hello. Today I would like to talk about health in Denmark. I would especially like to focus on diet and exercise because it is very important to the everyday lives of Danes. It is a topic that many people are discussing right now.

First, I would like to talk about diet. Many Danes are very keen on eating healthy. The official dietary guidelines in Denmark say that we should eat more vegetables, more fish and less meat. However, not everyone follows the advice. In a busy everyday life, many people buy ready-made meals, which often contain too much sugar and fat. In addition, fast food has become very popular among young people because it is quick and easy. This is a big problem for public health.

Next, we will look at exercise. In general, Danes are a very active people. Many people cycle to work or school, which is a good form of everyday exercise. In addition, it is popular to go to the gym or go for walks in nature with the family. But there is also a challenge. Many adults have a sedentary job where they sit in front of a computer all day. This can lead to back problems and lifestyle diseases.

Finally, I would like to say that Denmark is doing a lot for health, but there is still room for improvement. It is important that the state makes it cheaper to buy healthy food, so that everyone can afford to live a healthy life. If we do that, we can have a healthier society in the future.

Thank you for listening.","*2 Min. Presentation"
"Hvad gør du selv for at holde dig sund?","Jeg prøver at cykle så meget som muligt i hverdagen. Desuden forsøger jeg at spise grøntsager hver dag og drikke meget vand. Men i weekenden kan jeg godt lide at slappe af og spise lidt slik.","What do you do yourself to stay healthy?","I try to cycle as much as possible during the day. I also try to eat vegetables every day and drink a lot of water. But on the weekend I like to relax and eat some sweets.","*2 Min. Presentation"
"Tror du, det er sværere for unge mennesker at leve sundt i dag end før i tiden?","Ja, det tror jeg. I dag bruger unge mange timer foran en skærm, for eksempel med telefoner eller computerspil. Derfor bevæger de sig mindre. Der er også mere reklame for fastfood nu.","Do you think it is harder for young people to live healthy today than in the past?","Yes, I think so. Today, young people spend many hours in front of a screen, for example with phones or computer games. That's why they move less. There is also more advertising for fast food now.","*2 Min. Presentation"
"Hvad kan politikerne gøre for at forbedre folkesundheden?","Politikerne kan gøre sunde madvarer som frugt og grønt billigere ved at fjerne afgifter. De kan også lave flere cykelstier og støtte sportsklubber, så det bliver nemmere for alle at dyrke motion.","What can politicians do to improve public health?","Politicians can make healthy foods like fruits and vegetables cheaper by removing taxes. They can also create more bike paths and support sports clubs, making it easier for everyone to exercise.","*2 Min. Presentation"
"[Gratis adgang til kulturinstitutioner]Hvorfor tror du, at børn ofte får gratis adgang eller rabat til kulturinstitutioner som museer og teatre?","Jeg tror, at børn får gratis adgang eller rabat, fordi det er vigtigt, at de lærer om kultur og historie fra en ung alder. Hvis det er gratis eller billigt, har alle familier råd til at tage af sted, uanset hvor mange penge de har. Det hjælper også med at skabe gode vaner, så børnene fortsætter med at besøge museer og teatre, når de bliver voksne. På den måde investerer samfundet i fremtiden.","[Free admission to cultural institutions]Why do you think children often get free admission or discounts to cultural institutions like museums and theaters?","I think children get free admission or discounts because it is important for them to learn about culture and history from a young age. If it is free or cheap, all families can afford to go, no matter how much money they have. It also helps create good habits, so the children continue to visit museums and theaters when they become adults. In that way, society is investing in the future.","Støtte Til Kultur"
"[Gratis adgang til kulturinstitutioner]Synes du, det er en god idé at tage børn med på museum? Hvorfor?/Hvorfor ikke?","Ja, jeg synes, det er en rigtig god idé at tage børn med på museum. For det første lærer de meget om historie og kunst på en spændende måde, fordi de kan se tingene i virkeligheden. 

For det andet giver det familier en god oplevelse sammen, hvor man kan tale om vigtige emner. Selvom nogle børn synes, det er kedeligt i starten, kan mange museer i dag gøre det sjovt med aktiviteter for børn.","[Free admission to cultural institutions]Do you think it is a good idea to take children to museums? Why?/Why not?","Yes, I think it is a very good idea to take children to museums. Firstly, they learn a lot about history and art in an exciting way, because they can see things in real life. 

Secondly, it gives families a good experience together, where you can talk about important topics. Even though some children think it is boring at first, many museums today manage to make it fun with activities for children.","Støtte Til Kultur"
"[Statsstøtte til danske film]Hvorfor tror du, at kunstnere får støtte fra staten til at lave film i Danmark?","Jeg tror, at staten støtter danske film, fordi Danmark er et lille land med et lille sprog. Hvis der ikke var statsstøtte, ville det være meget svært for danske film at konkurrere med store Hollywood-film. Støtten sikrer, at vi kan lave film på dansk, som handler om vores egen kultur, historie og værdier. Det hjælper med at bevare den danske identitet, og det giver også unge talenter en chance for at udvikle sig.","[State subsidy for Danish films]Why do you think artists get support from the state to make films in Denmark?","I think the state supports Danish films because Denmark is a small country with a small language. If there were no state subsidies, it would be very difficult for Danish films to compete with big Hollywood movies. The support ensures that we can make films in Danish that are about our own culture, history, and values. It helps preserve the Danish identity, and it also gives young talents a chance to develop.","Støtte Til Kultur"
"[Statsstøtte til danske film]Synes du, det er vigtigt, at staten støtter danske film? Hvorfor?/Hvorfor ikke?","Ja, jeg synes, det er meget vigtigt, at staten støtter danske film. For det første hjælper det med at beskytte det danske sprog og den danske kultur, fordi vi er et lille land. Hvis staten ikke gav penge, ville de fleste mennesker nok kun se amerikanske film. For det andet giver det mulighed for at fortælle historier, som er vigtige for os, der bor i Danmark. Det behøver ikke kun at handle om at tjene penge, men om at lave god kunst.","[State subsidy for Danish films]Do you think it is important that the state supports Danish films? Why?/Why not?","Yes, I think it is very important that the state supports Danish films. Firstly, it helps protect the Danish language and Danish culture because we are a small country. If the state did not give money, most people would probably only watch American films. Secondly, it makes it possible to tell stories that are important to those of us who live in Denmark. It does not only have to be about making money, but about making good art.","Støtte Til Kultur"
"Nogle kommuner vælger at bruge mange penge på store, internationale sportsbegivenheder. Hvilke fordele og ulemper mener du, der kan være ved det for kommunerne?","En stor fordel er, at det skaber liv i byen og tiltrækker mange turister, som bruger penge på hoteller og restauranter. Det kan også gøre kommunen kendt i udlandet og give borgerne en god fælles oplevelse. En ulempe er dog, at det er utroligt dyrt. Hvis kommunen bruger for mange penge på sport, kan der mangle penge til andre vigtige ting, som for eksempel folkeskoler, ældrepleje eller lokal kultur.","Some municipalities choose to spend a lot of money on large, international sports events. What advantages and disadvantages do you think there can be for the municipalities?","A big advantage is that it creates life in the city and attracts many tourists who spend money on hotels and restaurants. It can also make the municipality well-known abroad and give the citizens a great shared experience. However, a disadvantage is that it is incredibly expensive. If the municipality spends too much money on sports, there might be a lack of money for other important things, such as public schools, elderly care, or local culture.","Støtte Til Kultur"
"Synes du, at kommuner bør prioritere andre områder som børnepasning og ældrepleje frem for store sportsbegivenheder? Hvorfor?/Hvorfor ikke?","Ja, det synes jeg. Efter min mening er det vigtigere at bruge penge på børnepasning og ældrepleje, fordi det handler om borgernes basale velfærd og hverdag. Hvis de ældre ikke får en god pleje, eller hvis der mangler pædagoger i vuggestuerne, rammer det mange familier hårdt. Store sportsbegivenheder er sjove og spændende, men de varer kun i kort tid. Velfærd er noget, vi har brug for hver evig eneste dag.","Do you think that municipalities should prioritize other areas like childcare and elderly care over large sports events? Why?/Why not?","Yes, I think so. In my opinion, it is more important to spend money on childcare and elderly care because it is about the citizens' basic welfare and everyday lives. If the elderly do not get good care, or if there is a shortage of educators in nurseries, it hits many families hard. Large sports events are fun and exciting, but they only last for a short time. Welfare is something we need each and every day.","Støtte Til Kultur"
"[Uro i Klassen]Hvorfor tror du, der er meget uro i nogle folkeskoleklasser?","Jeg tror, der er meget uro, fordi klasserne ofte er meget store, og eleverne er meget forskellige. Det kan være svært for én lærer at hjælpe alle på samme tid. Hvis nogle elever keder sig, eller hvis opgaverne er for svære, begynder de måses at larme eller snakke med sidemanden. Desuden bruger mange børn meget tid foran en skærm i dag, og det kan gøre det sværere for dem at sidde stille og koncentrere sig i skolen.","[Noise in the Classroom]Why do you think there is a lot of noise and unrest in some public school classrooms?","I think there is a lot of noise because classes are often very large, and the students are very different. It can be difficult for one teacher to help everyone at the same time. If some students are bored, or if the assignments are too difficult, they might start making noise or talking to the person next to them. Furthermore, many children spend a lot of time in front of a screen nowadays, and that can make it harder for them to sit still and concentrate in school.","Pædagogik i folkeskolen"
"[Uro i Klassen]Hvad mener du, lærerne kan gøre for at begrænse uroen i klasserne?","Jeg mener, at lærerne kan gøre flere ting. For det første er det vigtigt at have klare regler for, hvordan man opfører sig i klassen, så alle elever ved, hvad de skal gøre. For det andet kan lærerne lave mere varieret undervisning, hvor eleverne ikke kun skal sidde stille, men også bevæge sig eller arbejde i grupper. Endelig er det en god idé at opbygge et godt forhold til eleverne, fordi det skaber mere respekt og ro.","[Noise in the Classroom]What do you think teachers can do to limit the noise and unrest in classrooms?","I think that teachers can do several things. Firstly, it is important to have clear rules for how to behave in class, so all students know what to do. Secondly, teachers can create more varied teaching, where students do not just have to sit still, but also move around or work in groups. Finally, it is a good idea to build a good relationship with the students, because it creates more respect and quiet.","Pædagogik i folkeskolen"
"[Forskellige Undervisningsmetoder]Hvorfor tror du, at nogle lærere vælger kreative undervisningsmetoder som gruppearbejde og projekter?","Jeg tror, at lærere bruger kreative metoder, fordi det gør undervisningen mere spændende for eleverne. Når man arbejder i grupper eller med projekter, lærer børnene at samarbejde og løse problemer sammen. Det giver også plads til, at eleverne kan være aktive i stedet for bare at lytte til læreren i lang tid. På den måde husker de ofte det, de har lært, meget bedre.","[Different Teaching Methods]Why do you think some teachers choose creative teaching methods like group work and projects?","I think teachers use creative methods because it makes teaching more exciting for the students. When working in groups or with projects, children learn to cooperate and solve problems together. It also allows the students to be active instead of just listening to the teacher for a long time. In that way, they often remember what they have learned much better.","Pædagogik i folkeskolen"
"[Forskellige Undervisningsmetoder]Mener du, det er vigtigt at bruge forskellige undervisningsmetoder? Hvorfor?/Hvorfor ikke?","Ja, jeg mener, det er meget vigtigt at bruge forskellige undervisningsmetoder. Børn lærer på forskellige måder; nogle lærer bedst ved at læse, mens andre lærer bedst ved at lytte eller lave noget praktisk. Hvis læreren varierer undervisningen, kan alle elever være med og forstå stoffet. Det gør også skoledagen mere spændende, så eleverne ikke mister koncentrationen og keder sig.","[Different Teaching Methods]Do you think it is important to use different teaching methods? Why?/Why not?","Yes, I think it is very important to use different teaching methods. Children learn in different ways; some learn best by reading, while others learn best by listening or doing something practical. If the teacher varies the teaching, all students can participate and understand the material. It also makes the school day more exciting, so the students do not lose concentration and get bored.","Pædagogik i folkeskolen"
"Nogle mener, at der bør bruges flere penge på folkeskolen for at ansætte flere lærere. Hvilke fordele og ulemper mener du, der kan være ved det?","En stor fordel er, at der bliver flere voksne til at hjælpe eleverne. Når der er to lærere i en klasse, eller hvis klasserne bliver mindre, får den enkelte elev mere opmærksomhed. Det kan give mere ro og bedre indlæring. 

En ulempe er dog, at det koster rigtig mange penge for samfundet. Hvis man bruger flere penge på skolerne, skal man måske spare på andre vigtige områder som sundhedsvæsenet eller ældreplejen.","Some believe that more money should be spent on the public school system to hire more teachers. What advantages and disadvantages do you think there could be to that?","A big advantage is that there will be more adults to help the students. When there are two teachers in a class, or if classes become smaller, each individual student gets more attention. This can result in more quiet and better learning. 

However, a disadvantage is that it costs a lot of money for society. If more money is spent on schools, it might be necessary to save on other important areas like the healthcare system or elderly care.","Pædagogik i folkeskolen"
"Synes du, at penge brugt på folkeskolen er en god investering? Hvorfor?/Hvorfor ikke?","Ja, jeg synes, at penge brugt på folkeskolen er en rigtig god investering. Børnene er jo vores fremtid, og det er vigtigt, at de får en god uddannelse fra starten. Hvis skolerne har gode lærere og materialer, lærer børnene mere, og de klarer sig bedre senere i livet. Det betyder, at de kan få gode job og bidrage til samfundet, når de bliver voksne. Derfor betaler pengene sig tilbage i sidste ende.","Do you think that money spent on the public school system is a good investment? Why?/Why not?","Yes, I think that money spent on public schools is a very good investment. After all, children are our future, and it is important that they get a good education from the start. If schools have good teachers and materials, children learn more, and they do better later in life. This means they can get good jobs and contribute to society when they become adults. Therefore, the money pays itself back in the end.","Pædagogik i folkeskolen"
"[Mangel på arbejdskraft i sundhedssektoren]Hvorfor tror du, der mangler arbejdskraft i sundhedssektoren, fx sygeplejersker og social- og sundhedsassistenter?","Jeg tror, der mangler arbejdskraft, fordi arbejdet i sundhedssektoren ofte er meget hårdt og stressende. Sygeplejersker og assistenter skal løbe stærkt, og de har mange skæve arbejdstider, som for eksempel nattevagter og weekendarbejde. Desuden synes mange, at lønnen er for lav i forhold til det store ansvar, de har. Det gør, at færre unge vælger uddannelsen, og nogle forlader faget for at finde et andet job.","[Labor shortage in the healthcare sector]Why do you think there is a shortage of labor in the healthcare sector, for example, nurses and social and healthcare assistants?","I think there is a shortage of labor because work in the healthcare sector is often very hard and stressful. Nurses and assistants have to run fast, and they have many awkward working hours, such as night shifts and weekend work. Furthermore, many people think that the salary is too low compared to the big responsibility they have. This means that fewer young people choose the education, and some leave the profession to find another job.","Mangel på arbejdskraft"
"[Klima og livsstil / At vælge en klimavenlig livsstil]Hvorfor tror du, at nogle vælger at leve klimavenligt, fx ved at spise mindre kød eller tage offentlig transport?","Jeg tror, at mange vælger at leve klimavenligt, fordi de er bekymrede for fremtiden og klimaforandringerne. De vil gerne gøre en personlig forskel for at passe på planeten og mindske CO2-udledningen. 

Derudover er det blevet meget moderne at leve grønt, og der er kommet mange gode alternativer, som for eksempel lækker vegetarmad og bedre offentlig transport. Nogle gør det også for at spare penge eller for at leve sundere.","[Climate and lifestyle / Choosing a climate-friendly lifestyle]Why do you think some people choose to live in a climate-friendly way, for example by eating less meat or taking public transportation?","I think many people choose to live in a climate-friendly way because they are worried about the future and climate change. They want to make a personal difference to take care of the planet and reduce CO2 emissions. 

In addition, living green has become very fashionable, and many good alternatives have emerged, such as delicious vegetarian food and better public transportation. Some also do it to save money or to live healthier.","Klima og livsstil"
"[Klima og livsstil / At vælge en klimavenlig livsstil]Hvad tror du, det betyder for miljøet, hvis flere lever klimavenligt?","","","","Klima og livsstil"
"[Klima og livsstil / At ignorere klimaudfordringer]Hvorfor tror du, at nogle mennesker ikke ændrer deres livsstil, selvom de ved, at klimaet er under pres?","","","","Klima og livsstil"
"[Klima og livsstil / At ignorere klimaudfordringer]Hvordan kan samfundet opmuntre folk til at tage mere hensyn til klimaet?","","","","Klima og livsstil"
"[Klima og livsstil / At ignorere klimaudfordringer]Nogle mener, at vi skal betale mere i skat for at finansiere klimainitiativer. Hvilke fordele og ulemper mener du, der kan være ved det?","","","","Klima og livsstil"
"[Mangel på arbejdskraft i sundhedssektoren]Hvilke problemer mener du, der kan være ved, at der mangler sygeplejersker og social og sundhedsassistenter?","","","","Mangel på arbejdskraft"
"[Mangel på arbejdskraft i byggebranchen]Hvorfor tror du, der mangler arbejdskraft i byggebranchen, fx tømrere og betonarbejdere?","","","","Mangel på arbejdskraft"
"[Mangel på arbejdskraft i byggebranchen]Hvilke problemer mener du, der kan være ved, at der mangler arbejdskraft inden for byggebranchen?","","","","Mangel på arbejdskraft"
"Ved mangel på arbejdskraft kan man gøre det nemmere at rekruttere udenlandsk arbejdskraft. Hvilke fordele og ulemper mener du, der kan være ved det for samfundet?","","","","Mangel på arbejdskraft"
"Mener du, det er i orden at rekruttere udenlandsk arbejdskraft, selvom der er arbejdsløse i Danmark? Hvorfor?/Hvorfor ikke?","","","","Mangel på arbejdskraft"
"[At søge læge ved små problemer]Hvorfor tror du, at nogle vælger at gå til lægen, selvom deres problemer ikke er alvorlige?","","","","At Søge Læge"
"[At søge læge ved små problemer]Kan der være nogen problemer ved, at folk går til lægen for små problemer?","","","","At Søge Læge"
"[At undgå lægebesøg]Hvorfor tror du, at nogle undgår at gå til lægen, selvom de har helbredsproblemer?","","","","At Søge Læge"
"[At undgå lægebesøg]Hvad kan det betyde for en persons helbred, hvis de undgår at gå til lægen?","","","","At Søge Læge"
"I nogle lande betaler man for at gå til lægen. Hvilke fordele og ulemper mener du, der kan være ved det?","","","","At Søge Læge"
"Synes du, at lægehjælp skal være gratis for alle? Hvorfor?/Hvorfor ikke?","","","","At Søge Læge"
"[A-obl. Mænd venter med at gå til læge]Der er en tendens til,  at mænd venter længere end kvinder med at gå til læge, selvom de ikke føler sig helt raske. Hvorfor tror du, det er sådan?","Jeg tror, det handler om kultur og traditioner. Mange mænd har lært, at de skal være stærke og klare sig selv. De vil ikke virke svage eller klage over smerte. Nogle mænd er måske også bange for, hvad lægen vil sige, eller også tænker de bare, at problemet går væk af sig selv. Kvinder er ofte bedre til at lytte til deres krop og tale om helbred med andre.","[Men wait to see a doctor]There is a tendency for men to wait longer than women to see a doctor, even if they don't feel completely well. Why do you think this is the case?","I think it is about culture and traditions. Many men have learned that they need to be strong and manage on their own. They do not want to seem weak or complain about pain. Some men might also be afraid of what the doctor will say, or they just think that the problem will go away by itself. Women are often better at listening to their body and talking about health with others.","10.06-At Søge Læge 2023 Vinter"
"[A-opf. Mænd venter med at gå til læge]Mener du, der kan være nogen problemer ved, at man venter lidt med at gå til læge, selvom man ikke føler sig helt rask?","Ja, det mener jeg bestemt. Hvis man venter for længe, kan en lille sygdom nå at blive meget værre og sværere at behandle. For eksempel kan alvorlige sygdomme som kræft eller hjerteproblemer opdages for sent. 

Det kan også betyde, at man skal være sygemeldt fra sit arbejde i længere tid, hvilket påvirker både en selv og samfundet. Så det er altid bedst at reagere i tide.","[Men wait to see a doctor]Do you think there might be any problems with waiting a little to see a doctor, even if you don't feel completely well?","Yes, I definitely think so. If you wait too long, a small illness can manage to become much worse and harder to treat. For example, serious illnesses like cancer or heart problems might be discovered too late. 

It can also mean that you have to be on sick leave from your job for a longer time, which affects both yourself and society. So it is always best to react in time.","10.06-At Søge Læge 2023 Vinter"
"[B-obj. Videokonsultation med lægen]Flere og flere bruger videokonsultation i stedet for at møde fysisk op hos lægen. Hvorfor tror du, det er sådan?","Jeg tror, det handler om, at det sparer meget tid i en travl hverdag. Når man bruger videokonsultation, behøver man ikke at transportere sig hen til lægeklinikken eller sidde og vente i venteværelset. Man kan bare sidde derhjemme eller på sit arbejde. 

Det er også meget lettere for folk, der bor langt væk, eller folk, som har svært ved at gå. Teknologien er blevet nemmere at bruge, og mange synes, det er en hurtig og fleksibel løsning på mindre problemer.","[Video consultation with the doctor] More and more people are using video consultation instead of physically meeting the doctor. Why do you think this is so?","I think it is because it saves a lot of time in a busy daily life. When you use video consultation, you do not have to travel to the medical clinic or sit and wait in the waiting room. You can just sit at home or at your workplace. 

It is also much easier for people who live far away, or people who have difficulty walking. The technology has become easier to use, and many think it is a fast and flexible solution for smaller problems.","10.06-At Søge Læge 2023 Vinter"
"[B-opf. Videokonsultation med lægen]Mener du, der kan være nogen problemer ved at bruge videokonsultation i stedet for at møde fysisk op hos lægen? Hvorfor?/Hvorfor ikke?","Ja, det tror jeg, der kan være. Det største problem er, at lægen ikke kan undersøge din krop rigtigt. Lægen kan for eksempel ikke lytte til dit hjerte eller tage en blodprøve over en skærm. Hvis man er meget syg, er det ikke sikkert, at en video giver det rigtige billede af situationen. 

Derudover kan der være tekniske problemer med internettet, og nogle ældre mennesker synes måske, det er svært at bruge teknologien.","[Video consultation with the doctor] Do you think there can be any problems with using video consultation instead of showing up physically at the doctor's office? Why?/Why not?","Yes, I think there can be. The biggest problem is that the doctor cannot examine your body properly. For example, the doctor cannot listen to your heart or take a blood sample through a screen. If you are very sick, it is not certain that a video gives the right picture of the situation. 

In addition, there can be technical problems with the internet, and some elderly people might find it difficult to use the technology.","10.06-At Søge Læge 2023 Vinter"
"[Obj.]Alle har ret til gratis behandling på et hospital, men man har ofte mulighed for at blive behandlet hurtigere på et privathospital, hvis man selv kan og vil betale for det. Hvilke fordele og ulemper mener du, der kan være ved det for samfundet?","","","","10.06-At Søge Læge 2023 Vinter"
"[Obf.]Mener du, det er rimeligt, at folk kan blive behandlet hurtigere, hvis de kan og vil betale for det? Hvorfor?/Hvorfor ikke?","","","","10.06-At Søge Læge 2023 Vinter"
"[A-obl. Klima og madvaner]Antallet af vegetarer og veganere er steget de senere år. Hvorfor tror du, det er sådan?","","","","11.06-Klima og livssil 2023 Vinter"
"[A-Opf. Klima og madvaner]Mener du, der kan være nogen problemer ved at være vegetar eller veganer? Hvorfor?/Hvorfor ikke?","","","","11.06-Klima og livssil 2023 Vinter"
"[A-obl. Kvinder i traditttionelle mandejob]I Danmark er der færre kvinder end mænd, der arbejder med it og finans. Hvorfor tror du, det er sådan?","","","","16.06-Køn og arbejde 2019 Vinter"
"[A-opf. Kvinder i traditttionelle mandejob]Kan der efter din mening være nogen problemer ved, at der er færre kvinder end mænd, der arbejder med it og finans? Hvorfor?/Hvorfor ikke?","","","","16.06-Køn og arbejde 2019 Vinter"
"[A-obl. I dagsinstitution fra en tidlig alder]Det er almindeligt i Danmark, at børn kommer i daginstitution, når de er ca. et år gamle. Hvorfor tror du, det er sådan?]","","","","10.06-Daginstitutioner 2022 Sommer"
"[A-opf. I dagsinstitution fra en tidlig alder]Hvad tror du, det betyder for børnenes sociale udvikling, at de kommer tidligt i daginstitution?]","","","","10.06-Daginstitutioner 2022 Sommer"
"[B-obl. At blive passet af mor eller far]Der er nogle forældre, der vælger at passe deres børn selv, selvom der er offentlige daginstitutioner. Hvorfor tror du, det er sådan?","","","","10.06-Daginstitutioner 2022 Sommer"
"[B-opf. At blive passet af mor eller far]Kan der være nogen problemer ved, at børn ikke kommer i daginstitution, før de skal begynde i skolen? Hvorfor?/Hvorfor ikke?","","","","10.06-Daginstitutioner 2022 Sommer"
"[A-obl. Cyklen som transportmiddel]I Danmark er der mange, der bruger cyklen til transport, fx til og fra arbejde. Hvorfor tror du, det er sådan?","","","","16.06-Transportvaner 2021 Vinter"
"[A-opf. Cyklen som transportmiddel]Hvad tror du, det betyder for trafiksikkerheden i byerne, at der er mange, der bruger cyklen til transport?","","","","16.06-Transportvaner 2021 Vinter"
"[B-obl. Bilen son transportmiddel]Der er mange, der vælger bilen til transport, fx til og fra arbejde, selvom der i Danmark er gode muligheder for offentlig transport. Hvorfor tror du, det er sådan?","","","","16.06-Transportvaner 2021 Vinter"
"[B-opf. Bilen son transportmiddel]Kan der efter din mening være nogen problemer ved, at der er mange, der vælger bilen til transport? Hvorfor?/Hvorfor ikke?","","","","16.06-Transportvaner 2021 Vinter"
"[A-obl. Uddannelser, der kræver høje karakterer]På mange uddannelser er der en begrænsning på, hvor mange studerende der bliver optaget. Hvorfor tror du, der er det?","","","","12.06-Uddannelsesvalg 2021 Vinter"
"[A-opf. Uddannelser, der kræver høje karakterer]Mener du, der kan være nogen problemer ved, at der på mange uddannelser er en begrænsning på, hvor mange studerende der bliver optaget? Hvorfor?/Hvorfor ikke?","","","","12.06-Uddannelsesvalg 2021 Vinter"
"[B-obl. Uddannelser med ledige pladser]Der er ofte ledige studiepladser på uddannelserne til lærer og pædagog, selvom der næsten er jobgaranti. Hvorfor tror du, det er sådan?","","","","12.06-Uddannelsesvalg 2021 Vinter"
"[B-opf. Uddannelser med ledige pladser]Mener du, der kan være nogen problemer ved, at der er ledige studiepladser på uddannelserne til lærer og pædagog. Hvorfor?/Hvorfor ikke?","","","","12.06-Uddannelsesvalg 2021 Vinter"
"[A-obl. Brugerbetaling på museer]Nogle danskere mener, at det skal være gratis at gå på museum. Hvorfor tror du, de mener det?","","","","19.06-Kultur 2019 Sommer"
"[A-opf. Brugerbetaling på museer]Hvad tror du, det betyder for folks interesse for kunst og kultur, at det ikke er gratis at gå på museum?","","","","19.06-Kultur 2019 Sommer"
"[B-obl. Gratis adgang til biblioteker]I Danmark er det gratis at bruge bibliotekerne. Hvorfor tror du, det er det?","","","","19.06-Kultur 2019 Sommer"
"[B-opf. Gratis adgang til biblioteker]Hvad tror du, det betyder for folks interesse for at læse, at det er gratis at låne bøger på bibliotekerne?","","","","19.06-Kultur 2019 Sommer"
"[A-obl.]Nogle studerende bruger tid på at lave frivilligt ulønnet arbejde, selvom de også har travlt med deres studier. Hvorfor tror du, de gør det?","","","","10.06-Frivilligt arbejde 2018 Sommer"
"[A-opf.]Hvad tror du, det betyder for studerendes fremtidige jobmuligheder, at de laver frivilligt arbejde?","","","","10.06-Frivilligt arbejde 2018 Sommer"
"[B-obl.]Nogle danskere laver frivilligt ulønnet arbejde, når de er gået på pension. Hvorfor tror du, de gør det?","","","","10.06-Frivilligt arbejde 2018 Sommer"
"[B-opf.]Hvad tror du, det betyder for pensionisters livskvalitet, at de laver frivilligt ulønnet arbejde?","","","","10.06-Frivilligt arbejde 2018 Sommer"
"[Obl.]På mange institutioner, fx plejehjem, skoler og museer, bruger man frivillige udover den professionelle arbejdskraft. Hvilke fordele og ulemper mener du, der kan være ved det?","","","","10.06-Frivilligt arbejde 2018 Sommer"
"[Obf.]Hvilke typer af frivilligt arbejde mener du er mest nyttige for et velfærdssamfund som det danske? Hvorfor?","","","","10.06-Frivilligt arbejde 2018 Sommer"
"[Obj.] Daginstitutioner er offentligt støttede i Danmark. Hvilke fordele og ulemper mener du, der kan være ved det for det danske samfund?","","","","10.06-Daginstitutioner 2022 Sommer"
"[Opf.] Daginstitutioner er offentligt støttede, men ikke gratis. Mener du, at de skal være det? Hvorfor?/Hvorfor ikke?","","","","10.06-Daginstitutioner 2022 Sommer"
"[A-obl.]Nogle mennesker går sommetider på arbejde, selvom de er forkølede. Hvorfor tror du, de gør det?","","","","11.06-Sygefravær på arbejspladsen 2018 Sommer"
"[A-opf.]Hvad tror du, det betyder for ens forhold til kollegerne, at man nogle gange går på arbejde, selvom man er forkølet?","","","","11.06-Sygefravær på arbejspladsen 2018 Sommer"
"[B-obl.]Pædagoger og sygehjælpere har et højere sygefravær end ingeniører og konsulenter. Hvorfor tror du, det er sådan?","","","","11.06-Sygefravær på arbejspladsen 2018 Sommer"
"[B-opf.]Hvad tror du, det betyder for ens forhold til kollegerne, at man har et højt sygefravær?","","","","11.06-Sygefravær på arbejspladsen 2018 Sommer"
"[Obl.]Nogle virksomheder gør meget for at reducere de ansattes sygefravær. Virksomhederne tilbyder for eksempel gratis lægetjek og rådgivning om kost og motion. Hvilke fordele og ulemper mener du, der kan være ved, at de gør det?","","","","11.06-Sygefravær på arbejspladsen 2018 Sommer"
"[Obf.]	Synes du, at det er i orden, at en virksomhed blander sig i de ansattes livsstil, eller bør ens livsstil være en privat sag? Hvorfor?/Hvorfor ikke?","","","","11.06-Sygefravær på arbejspladsen 2018 Sommer"
"[A-obl.]Færre og færre danskere køber og læser avis. Hvorfor tror du, det er sådan?","","","","11.06-Medier 2018 Sommer"
"[A-opf.]Kan der efter din mening være nogen problemer ved, at færre og færre danskere køber og læser avis? Hvorfor?/Hvorfor ikke?","","","","11.06-Medier 2018 Sommer"
"[B-obl.]Flere og flere danskere får deres nyheder gennem online-medier. Hvorfor tror du, det er sådan?","","","","11.06-Medier 2018 Sommer"
"[B-opf.]Kan der efter din mening være nogen problemer ved, at flere og flere danskere får deres nyheder gennem online-medier? Hvorfor?/Hvorfor ikke?","","","","11.06-Medier 2018 Sommer"
"[Obl.]Med blogs og andre online-medier er det i dag nemmere for almindelige mennesker at deltage i den offentlige debat. Hvilke fordele og ulemper mener du, der kan være ved det?","","","","11.06-Medier 2018 Sommer"
"[Obf.]Hvad tror du, det betyder for demokratiet, at det i dag er nemmere for almindelige mennesker at deltage i den offentlige debat? Hvorfor?","","","","11.06-Medier 2018 Sommer"
"[B-obl. Klima og ferievaner]Nogle rejser meget med fly, selvom de godt ved, at det er skadeligt for klimaet. Hvorfor tror du, de alligevel gør det?","","","","11.06-Klima og livssil 2023 Vinter"
"[B-opf. Klima og ferievaner]Tror du, folk også vil rejse meget med fly i fremtiden? Hvorfor?/Hvorfor ikke?","","","","11.06-Klima og livssil 2023 Vinter"
"[Obg.]Det er især unge, der har fokus på at leve klimavenligt. Hvilke fordele og ulemper mener du, der kan være ved det?","","","","11.06-Klima og livssil 2023 Vinter"
"[Opf.]Mener du, der kan være nogen problemer ved at prioritere klima frem for velfærd? Hvorfor?/Hvorfor ikke?","","","","11.06-Klima og livssil 2023 Vinter"
"[Obg.]Der er nogle unge, der tager et eller to års pause efter gymnasiet, før de vælger uddannelse. Hvilke fordele og ulemper mener du, der kan være ved det for samfundet?","","","","12.06-Uddannelsesvalg 2021 Vinter"
"[Opf.]Hvad tror du, det betyder for de unges uddannelsesvalg, at de har holdt et eller to års pause?","","","",""
"[A-obl. Flere el-cykler i trafikken]Der er flere og flere danskere, både unge og gamle, der køber en elcykel i stedet for en almindelig cykel. Hvorfor tror du, det er sådan?","","","","12.06-Transportformer 2019 Sommer"
"[A-opf. Flere el-cykler i trafikken]Mener du, der kan være nogen problemer ved, at flere og flere danskere køber en elcykel i stedet for en almindelig cykel – fx for trafiksikkerheden eller sundheden? Hvorfor?/Hvorfor ikke?","","","","12.06-Transportformer 2019 Sommer"
"[B-obl. Mere plads il cyklister og fodgængere]Der er nogle, der mener, at der skal være mere plads til fodgængere og cyklister i de større byer. Hvorfor tror du, de mener det?","","","","12.06-Transportformer 2019 Sommer"
"[B-opf. Mere plads il cyklister og fodgængere]Mener du, der kan være nogen problemer ved at give mere plads til fodgængere og cyklister i de større byer? Hvorfor?/Hvorfor ikke?","","","","12.06-Transportformer 2019 Sommer"
"[Obl.]Der er nogle, der mener, at der skal investeres i hurtigtog i hele landet. Hvilke fordele og ulemper mener du, der kan være ved det – fx for miljøet?","","","","12.06-Transportformer 2019 Sommer"
"[Opf.]Tror du, det vil være bedre at investere i flere motorveje end i hurtigtog i hele landet? Hvorfor?/Hvorfor ikke?","","","","12.06-Transportformer 2019 Sommer"
"[A-obl. At arbejde på deltid]Der er nogle, der arbejder på deltid, selvom de er glade for deres job. Hvorfor tror du, det er sådan?","","","","12.06-Arbejdstid 2022 Sommer"
"[A-opf. At arbejde på deltid]Hvad tror du, det kan betyde for ens karriere, at man arbejder på deltid?","","","","12.06-Arbejdstid 2022 Sommer"
"[B-obl. At arbejde meget]Der er nogle, der arbejder meget, selvom de har familie og børn. Hvorfor tror du, det er sådan?","","","","12.06-Arbejdstid 2022 Sommer"
"[B-opf. At arbejde meget]Hvad tror du, det kan betyde for forholdet til familie og børn, at man arbejder meget?","","","","12.06-Arbejdstid 2022 Sommer"
"[Obg.]Der er nogle, der mener, at den gennemsnitlige ugentlige arbejdstid skal sættes ned til ca. 30 timer om ugen. Hvilke fordele og ulemper mener du, der kan være ved det for samfundet?","","","","12.06-Arbejdstid 2022 Sommer"
"[Opf.]Hvad tror du, det vil betyde for medarbejdernes effektivitet, hvis den gennemsnitlige ugentlige arbejdstid sættes ned til ca. 30 timer om ugen?","","","","12.06-Arbejdstid 2022 Sommer"
"[A-obl. Gratis at gå til læge]Der er nogle, der mener, at det ikke skal være helt gratis at gå til læge. De mener, at det er en god idé at indføre et gebyr ved lægebesøg. Hvorfor tror du, de mener det?","","","","16.06-Det offentlige sundhedsvæsen 2020 Sommer"
"[A-opf. Gratis at gå til læge]Mener du, der kan være nogen problemer ved at indføre et gebyr ved lægebesøg? Hvorfor?/Hvorfor ikke?","","","","16.06-Det offentlige sundhedsvæsen 2020 Sommer"
"[B-obl. Behandling på privathospital]Der er nogle, der vælger at betale for behandling på et privathospital. Hvorfor tror du, de vælger det?","","","","16.06-Det offentlige sundhedsvæsen 2020 Sommer"
"[B-opf. Behandling på privathospital]Mener du, der kan være nogen problemer ved, at nogle ikke har råd til at betale for behandling på et privathospital? Hvorfor?/Hvorfor ikke?","","","","16.06-Det offentlige sundhedsvæsen 2020 Sommer"
"[Obl.]Der bliver færre men større hospitaler i Danmark. Hvilke fordele og ulemper mener du, der kan være ved det?","","","","16.06-Det offentlige sundhedsvæsen 2020 Sommer"
"[Opf.]Mener du, det er vigtigere, at et hospital kan tilbyde den bedst mulige behandling, end at hospitalet ligger tæt på borgerne? Hvorfor?/Hvorfor ikke?","","","","16.06-Det offentlige sundhedsvæsen 2020 Sommer"
"[Obl.]Der er nogle, der mener, at der skal være mere og billigere offentlig transport. Hvilke fordele og ulemper mener du, der kan være ved det for samfundet?","","","","16.06-Transportvaner 2021 Vinter"
"[Opf.]Hvad tror du, det vil betyde for miljøet, hvis den offentlige transport bliver billigere?","","","","16.06-Transportvaner 2021 Vinter"
"[B-obl. Mænd i traditttionelle kvindejob]I Danmark er der færre mænd end kvinder, der arbejder med børn, fx som lærer eller pædagog. Hvorfor tror du, det er sådan?","","","","16.06-Køn og arbejde 2019 Vinter"
"[B-opf. Mænd i traditttionelle kvindejob]Hvad tror du, det betyder for børnene, at der er færre mænd end kvinder, der er pædagoger eller lærere?","","","","16.06-Køn og arbejde 2019 Vinter"
"[Obl.]Man kunne lave regler for, hvor mange kvinder og mænd der kan optages på forskellige uddannelser, så der ikke er nogen uddannelser, hvor der næsten kun er kvinder eller kun mænd. Hvilke fordele og ulemper mener du, der ville være ved det?","","","","16.06-Køn og arbejde 2019 Vinter"
"[Opf.]Synes du, det er vigtigt med en mere lige fordeling af kvinder og mænd i de forskellige brancher på arbejdsmarkedet? Hvorfor?/Hvorfor ikke?","","","","16.06-Køn og arbejde 2019 Vinter"
"[Obl.]Flere kommuner bruger penge på dyre kulturhuse med kulturtilbud som fx teater, dans, musik og udstillinger. Hvilke fordele og ulemper mener du, der kan være ved det?","","","","19.06-Kultur 2019 Sommer"
"[Opf.]Mener du, at en kommune skal bruge penge på kulturhuse, eller bør en kommune prioritere andre kulturtilbud eller andre områder som fx ældrepleje og uddannelse? Hvorfor?/Hvorfor ikke?","","","","19.06-Kultur 2019 Sommer"
"[A-obl. Køb og salg via sociale medier]Flere og flere køber og sælger produkter via sociale medier. Hvorfor tror du, de gør det?","","","","20.06-Brug af sociale medier 2023 Sommer"
"[A-opf. Køb og salg via sociale medier]Mener du, der kan være nogen problemer ved at købe og sælge produkter via sociale medier? Hvorfor?/Hvorfor ikke?","","","","20.06-Brug af sociale medier 2023 Sommer"
"[B-obl. Personlige billeder på sociale medier]Mange mennesker lægger private og personlige billeder ud på de sociale medier. Hvorfor tror du, de gør det?","","","","20.06-Brug af sociale medier 2023 Sommer"
"[B-opf. Personlige billeder på sociale medier]Mener du, der kan være nogen problemer ved at lægge private og personlige billeder ud på de sociale medier? Hvorfor?/Hvorfor ikke?","","","","20.06-Brug af sociale medier 2023 Sommer"
"[Obl.]I dag læser mange deres nyheder på de sociale medier. Hvilke fordele og ulemper mener du, der kan være ved det?","","","","20.06-Brug af sociale medier 2023 Sommer"
"[Opf.]Mener du, at de sociale medier har en positiv eller negativ betydning for demokratiet?","","","","20.06-Brug af sociale medier 2023 Sommer"
"[A-obl. Firmafest]På mange arbejdspladser har man sociale arrangementer som fx firmafester og skovture. Hvorfor tror du, man har det?","","","","20.06-Arbejdsmiljo 2018 Vinter"
"[A-opf. Firmafest]Hvad tror du, det betyder for medarbejdernes tilfredshed med deres arbejde, at man har sociale arrangementer?","","","","20.06-Arbejdsmiljo 2018 Vinter"
"[B-obl. Kursus i teambuilding]På mange arbejdspladser kommer medarbejderne på kursus i teambuilding. Hvorfor tror du, de gør det?","","","","20.06-Arbejdsmiljo 2018 Vinter"
"[B-opf. Kursus i teambuilding]Hvad tror du, det betyder for medarbejdernes tilfredshed med deres arbejde, at de kommer på kursus i teambuilding?","","","","20.06-Arbejdsmiljo 2018 Vinter"
"[Obl.]I nogle virksomheder giver man en bonus – altså en ekstra sum penge – til medarbejdere, hvis de gør en særlig indsats for virksomheden. Hvilke fordele og ulemper mener du, der kan være ved det?","","","","20.06-Arbejdsmiljo 2018 Vinter"
"[Opf.]Hvordan tror du, en bonus påvirker samarbejdet mellem medarbejderne? Og mellem medarbejderne og ledelsen?","","","","20.06-Arbejdsmiljo 2018 Vinter"
"[A-obl. Jobsøgning som nyuddannet]Nogle nyuddannede kan have svært ved at finde det første job. Hvorfor tror du, det er sådan?","","","","20.06-Jobsøgning 2021 Sommer"
"[A-opf. Jobsøgning som nyuddannet]Hvad tror du, erfaring fra fx et studiejob eller praktik kan betyde for de nyuddannedes muligheder for at finde et job?","","","","20.06-Jobsøgning 2021 Sommer"
"[B-obl. Ældre Jobsøgende]Jobsøgende over 55 år kan have svært ved at finde et nyt job, selvom de har mange års erfaring. Hvorfor tror du, det er sådan?","","","","20.06-Jobsøgning 2021 Sommer"
"[B-opf. Ældre Jobsøgende]Mener du, der kan være nogen problemer ved, at nogle arbejdsgivere fravælger jobsøgende over 55 år med mange års erfaring? Hvorfor?/Hvorfor ikke?","","","","20.06-Jobsøgning 2021 Sommer"
"[Obl.]De fleste jobsøgende i Danmark kan modtage økonomisk hjælp som fx dagpenge eller kontanthjælp, mens de søger job. Hvilke fordele og ulemper mener du, der kan være ved det for samfundet?","","","","20.06-Jobsøgning 2021 Sommer"
"[Opf.]Hvad tror du, den økonomiske hjælp kan betyde for de arbejdsløses jobsøgning?","","","","20.06-Jobsøgning 2021 Sommer"
"[A-obl. Forældre med frivilligt arbejde]Mange af dem, der arbejder frivilligt, er forældre med hjemmeboende børn. Hvorfor tror du, det er sådan?","","","","19.06-Frivilligt arbejde 2020 Vinter"
"[A-opf. Forældre med frivilligt arbejde]Hvad tror du, det betyder for familielivet, at mange af dem, der arbejder frivilligt, er forældre med hjemmeboende børn?","","","","19.06-Frivilligt arbejde 2020 Vinter"
"[B-obl. Pensionister med frivilligt arbejde]Mange af dem, der arbejder frivilligt er pensionister. Hvorfor tror du, det er sådan?","","","","19.06-Frivilligt arbejde 2020 Vinter"
"[B-opf. Pensionister med frivilligt arbejde]Hvad tror du, det betyder for pensionisters livskvalitet, at de arbejder frivilligt?","","","","19.06-Frivilligt arbejde 2020 Vinter"
"[Obl.]Kommunerne gør mere og mere brug af frivillig arbejdskraft inden for fx ældrepleje og sundhed. Hvilke fordele og ulemper mener du, der kan være ved det?","","","","19.06-Frivilligt arbejde 2020 Vinter"
"[Opf.]Hvad mener du om, at kommuner gør brug af frivillig arbejdskraft for at spare penge på løn til professionelle?","","","","19.06-Frivilligt arbejde 2020 Vinter"
